{
  "phase": "phase1_star_calibration",
  "status": "completed",
  "start_time": "2025-11-25T18:02:48.217791",
  "stages": {
    "initialization": {
      "status": "completed",
      "duration": 38.28044319152832
    },
    "dataset_preparation": {
      "status": "completed",
      "duration": 8.92772889137268,
      "train_problems": 160,
      "val_problems": 40
    },
    "solution_generation": {
      "status": "completed",
      "duration": 5930.565181970596,
      "train_solutions": 936,
      "val_solutions": 237
    },
    "calibration_training": {
      "status": "completed",
      "duration": 0.6552631855010986,
      "training_metrics": {
        "ece": 0.007627362825519079,
        "mce": 0.09689704365200447,
        "brier_score": 0.12952193957939956,
        "temperature": 1.073455810546875,
        "num_samples": 936,
        "reliability_data": {
          "bin_boundaries": [
            0.0,
            0.06666666666666667,
            0.13333333333333333,
            0.2,
            0.26666666666666666,
            0.3333333333333333,
            0.4,
            0.4666666666666667,
            0.5333333333333333,
            0.6,
            0.6666666666666666,
            0.7333333333333333,
            0.8,
            0.8666666666666667,
            0.9333333333333333,
            1.0
          ],
          "bin_accuracies": [
            0.0,
            0.0,
            0.0,
            0.0,
            0.0,
            0.0,
            0.0,
            0.0,
            0.0,
            0.6385114119721964,
            0.7686111111111109,
            0.0,
            0.0,
            0.0,
            0.0
          ],
          "bin_confidences": [
            0.03333333333333333,
            0.1,
            0.16666666666666669,
            0.23333333333333334,
            0.3,
            0.3666666666666667,
            0.43333333333333335,
            0.5,
            0.5666666666666667,
            0.644388388899157,
            0.6717140674591064,
            0.7666666666666666,
            0.8333333333333334,
            0.9,
            0.9666666666666667
          ],
          "bin_counts": [
            0,
            0,
            0,
            0,
            0,
            0,
            0,
            0,
            0,
            918,
            18,
            0,
            0,
            0,
            0
          ]
        }
      }
    },
    "calibration_validation": {
      "status": "completed",
      "duration": 0.07179117202758789,
      "calibration_metrics": {
        "ece": 0.003946176851708456,
        "mce": 0.09401316881179822,
        "brier_score": 0.1255243112238002,
        "temperature": 1.073455810546875,
        "num_samples": 237,
        "reliability_data": {
          "bin_boundaries": [
            0.0,
            0.06666666666666667,
            0.13333333333333333,
            0.2,
            0.26666666666666666,
            0.3333333333333333,
            0.4,
            0.4666666666666667,
            0.5333333333333333,
            0.6,
            0.6666666666666666,
            0.7333333333333333,
            0.8,
            0.8666666666666667,
            0.9333333333333333,
            1.0
          ],
          "bin_accuracies": [
            0.0,
            0.0,
            0.0,
            0.0,
            0.0,
            0.0,
            0.0,
            0.0,
            0.0,
            0.6429809932556713,
            0.0,
            0.0,
            0.0,
            0.0,
            0.0
          ],
          "bin_confidences": [
            0.03333333333333333,
            0.1,
            0.16666666666666669,
            0.23333333333333334,
            0.3,
            0.3666666666666667,
            0.43333333333333335,
            0.5,
            0.5666666666666667,
            0.6453809556531293,
            0.7,
            0.7666666666666666,
            0.8333333333333334,
            0.9,
            0.9666666666666667
          ],
          "bin_counts": [
            0,
            0,
            0,
            0,
            0,
            0,
            0,
            0,
            0,
            233,
            4,
            0,
            0,
            0,
            0
          ]
        },
        "quality_status": "excellent",
        "target_achieved": "True"
      }
    }
  },
  "total_duration": 5978.500986337662,
  "end_time": "2025-11-25T19:42:26.718985",
  "final_ece": 0.003946176851708456,
  "target_achieved": "True",
  "quality_status": "excellent",
  "calibrator_path": "checkpoints/phase1_star_calibrator_1764099746.pt"
